{
  "n": 391,
  "k": 5,
  "first": 0.015345268542199489,
  "c_selfconsistency": 0.020460358056265986,
  "b_human": 0.020460358056265986,
  "a_oracle": 0.023017902813299233,
  "ceiling": 0.028132992327365727,
  "precision": {
    "oracle": 0.8181818181818182,
    "human": 0.7272727272727273,
    "self_consistency": 0.7272727272727273
  }
}